INSERT INTO CUSTOMER (ID, NAME, PASSWORD, EMAIL, VERSION) VALUES ('123e4567-e89b-42d3-a456-556642440000', 'NAME1', 'PASS1', 'name1@gmail.com', 0);
INSERT INTO CUSTOMER (ID, NAME, PASSWORD, EMAIL, VERSION) VALUES ('223e4567-e89b-42d3-a456-556642440000', 'NAME2', 'PASS2', 'name2@gmail.com', 0);
INSERT INTO CUSTOMER (ID, NAME, PASSWORD, EMAIL, VERSION) VALUES ('323e4567-e89b-42d3-a456-556642440000', 'NAME3', 'PASS3', 'name3@gmail.com', 0);

INSERT INTO ITEM (ID, DESCRIPTION, PRICE,VERSION) VALUES ('123e4567-e89b-42d3-a456-556642440001', 'Bananas', 10,0);
INSERT INTO ITEM (ID, DESCRIPTION, PRICE,VERSION) VALUES ('123e4567-e89b-42d3-a456-556642440002', 'Apples', 20,0);
INSERT INTO ITEM (ID, DESCRIPTION, PRICE,VERSION) VALUES ('123e4567-e89b-42d3-a456-556642440003', 'Pinaples', 30,0);
INSERT INTO ITEM (ID, DESCRIPTION, PRICE,VERSION) VALUES ('123e4567-e89b-42d3-a456-556642440004', 'Mangos', 40,0);
INSERT INTO ITEM (ID, DESCRIPTION, PRICE,VERSION) VALUES ('123e4567-e89b-42d3-a456-556642440005', 'Papayas', 50,0);

INSERT INTO ORDERS (ID, CUSTOMER_ID, TOTAL, VERSION) VALUES ('123e4567-189b-42d3-a456-556642440000','123e4567-e89b-42d3-a456-556642440000',30,0);
INSERT INTO ORDERS (ID, CUSTOMER_ID, TOTAL, VERSION) VALUES ('123e4567-289b-42d3-a456-556642440000','123e4567-e89b-42d3-a456-556642440000',70,0);
INSERT INTO ORDERS (ID, CUSTOMER_ID, TOTAL, VERSION) VALUES ('123e4567-389b-42d3-a456-556642440000','323e4567-e89b-42d3-a456-556642440000',60,0);

INSERT INTO ORDER_ITEM (ID, QUANTITY, ITEM_ID, ORDER_ID) VALUES ('1a1cbbf1-bffc-4e0c-b057-e873adb6cbc1', 1, '123e4567-e89b-42d3-a456-556642440001','123e4567-189b-42d3-a456-556642440000');
INSERT INTO ORDER_ITEM (ID, QUANTITY, ITEM_ID, ORDER_ID) VALUES ('fdfa9933-b270-438a-a452-8582d3db97a3', 1, '123e4567-e89b-42d3-a456-556642440002','123e4567-189b-42d3-a456-556642440000');
INSERT INTO ORDER_ITEM (ID, QUANTITY, ITEM_ID, ORDER_ID) VALUES ('62a01d3d-45f4-41f4-97fd-9649f91e776d', 1, '123e4567-e89b-42d3-a456-556642440003','123e4567-289b-42d3-a456-556642440000');
INSERT INTO ORDER_ITEM (ID, QUANTITY, ITEM_ID, ORDER_ID) VALUES ('6419678f-63e6-4dfe-9f67-46148ddc9249', 1, '123e4567-e89b-42d3-a456-556642440004','123e4567-289b-42d3-a456-556642440000');
INSERT INTO ORDER_ITEM (ID, QUANTITY, ITEM_ID, ORDER_ID) VALUES ('bf7d3874-096a-4b90-a32c-36a751478891', 1, '123e4567-e89b-42d3-a456-556642440005','123e4567-389b-42d3-a456-556642440000');
INSERT INTO ORDER_ITEM (ID, QUANTITY, ITEM_ID, ORDER_ID) VALUES ('4ee7362c-cf8f-4555-83fc-b8012748de02', 1, '123e4567-e89b-42d3-a456-556642440001','123e4567-389b-42d3-a456-556642440000');
